id,attachments,auto_approve_bounty_claims,blocked,comments_start,created_at,created_by,description,entry_deadline,featured,initiative,judging_deadline,max_entries,name,person,priority,product,product_area,published_id,short_description,status,title,updated_at,updated_by,uuid,video_url
1,,,,,2024-05-06T17:34:47.088Z,,"Launch an initiative to conduct beta testing for ArtCollab, a collaborative digital art platform, inviting artists to participate and provide feedback on usability, features, and overall experience. The initiative aims to refine the platform before its official launch.",,,,,,ArtCollab Beta Testing,,,1,,,,Active,,2024-05-06T17:34:47.088Z,,1d895f9c-4387-49bc-991f-3046f22e703f,https://www.youtube.com/embed/artcollab-beta-testing
2,,,,,2024-05-06T17:35:00.092Z,,"Launch an initiative to showcase the artworks created by the ArtCollab community, highlighting talented artists and their contributions to the platform. The initiative aims to foster a sense of community and appreciation among users.",,,,,,ArtCollab Community Spotlight,,,1,,,,Active,,2024-05-06T17:35:00.092Z,,2d895f9c-4387-49bc-991f-3046f22e703f,https://www.youtube.com/embed/artcollab-community-spotlight
3,,,,,2024-05-06T17:35:15.903Z,,"Launch an initiative to host virtual artist workshops on ArtCollab, featuring renowned artists who will share their techniques, tips, and insights with the community. The initiative aims to inspire and educate artists of all skill levels.",,,,,,ArtCollab Artist Workshops,,,1,,,,Active,,2024-05-06T17:35:15.903Z,,3d895f9c-4387-49bc-991f-3046f22e703f,https://www.youtube.com/embed/artcollab-artist-workshops
4,,,,,2024-05-06T17:35:30.267Z,,"Launch an initiative to organize creative challenges on ArtCollab, encouraging artists to explore new themes, styles, and mediums. The initiative aims to spark creativity and innovation within the community.",,,,,,ArtCollab Creative Challenges,,,1,,,,Active,,2024-05-06T17:35:30.267Z,,4d895f9c-4387-49bc-991f-3046f22e703f,https://www.youtube.com/embed/artcollab-creative-challenges
5,,,,,2024-05-06T17:35:45.415Z,,Launch an initiative to enhance features and functionalities on ArtCollab based on user feedback and platform usage data. The initiative aims to improve the overall user experience and expand the capabilities of the platform.,,,,,,ArtCollab Feature Enhancement,,,1,,,,Active,,2024-05-06T17:35:45.415Z,,5d895f9c-4387-49bc-991f-3046f22e703f,https://www.youtube.com/embed/artcollab-feature-enhancement
6,,,,,2024-05-06T17:34:47.103Z,,"Launch an initiative to develop quest-based learning modules for the interactive learning management system, incorporating gamified elements such as challenges, rewards, and progression tracking. The initiative aims to make learning more engaging and immersive for students.",,,,,,Quest-Based Learning Modules,,,2,,,,Active,,2024-05-06T17:34:47.103Z,,59f8c3fd-a112-4a04-b017-1814ff57a062,https://www.youtube.com/embed/quest-based-learning-modules
7,,,,,2024-05-06T17:35:00.129Z,,"Launch an initiative to implement leaderboards and achievements within the interactive learning management system, encouraging healthy competition and motivation among students. The initiative aims to recognize and reward academic progress and accomplishments.",,,,,,Leaderboards and Achievements,,,2,,,,Active,,2024-05-06T17:35:00.129Z,,69f8c3fd-a112-4a04-b017-1814ff57a062,https://www.youtube.com/embed/leaderboards-and-achievements
8,,,,,2024-05-06T17:35:15.953Z,,"Launch an initiative to develop gamified quiz modules for the interactive learning management system, incorporating game mechanics such as time limits, power-ups, and scoring systems to make assessments more engaging and enjoyable for students.",,,,,,Gamified Quiz Modules,,,2,,,,Active,,2024-05-06T17:35:15.953Z,,79f8c3fd-a112-4a04-b017-1814ff57a062,https://www.youtube.com/embed/gamified-quiz-modules
9,,,,,2024-05-06T17:35:30.334Z,,"Launch an initiative to create interactive storytelling modules for the interactive learning management system, allowing students to participate in immersive narratives and make decisions that impact the outcome of the story. The initiative aims to foster critical thinking and creativity.",,,,,,Interactive Storytelling Modules,,,2,,,,Active,,2024-05-06T17:35:30.334Z,,89f8c3fd-a112-4a04-b017-1814ff57a062,https://www.youtube.com/embed/interactive-storytelling-modules
10,,,,,2024-05-06T17:35:45.474Z,,"Launch an initiative to introduce virtual learning adventures within the interactive learning management system, enabling students to explore simulated environments, solve puzzles, and complete quests to acquire knowledge and skills. The initiative aims to make learning more immersive and memorable.",,,,,,Virtual Learning Adventures,,,2,,,,Active,,2024-05-06T17:35:45.474Z,,99f8c3fd-a112-4a04-b017-1814ff57a062,https://www.youtube.com/embed/virtual-learning-adventures
11,,,,,2024-05-06T17:34:47.117Z,,"Launch an initiative to implement an appointment scheduling system within the telemedicine app, allowing patients to book appointments with healthcare providers at their convenience. The initiative aims to streamline the scheduling process and improve accessibility to healthcare services.",,,,,,Appointment Scheduling System,,,3,,,,Active,,2024-05-06T17:34:47.117Z,,0ab454ff-c6f6-484f-85f1-a82ecfee0106,https://www.youtube.com/embed/appointment-scheduling-system
12,,,,,2024-05-06T17:35:00.129Z,,"Launch an initiative to develop a virtual consultation platform within the telemedicine app, enabling patients to consult with healthcare providers remotely via video calls or chat. The initiative aims to increase accessibility to healthcare services and reduce the need for in-person visits.",,,,,,Virtual Consultation Platform,,,3,,,,Active,,2024-05-06T17:35:00.129Z,,1ab454ff-c6f6-484f-85f1-a82ecfee0106,https://www.youtube.com/embed/virtual-consultation-platform
13,,,,,2024-05-06T17:35:15.953Z,,"Launch an initiative to integrate electronic health records (EHR) functionality within the telemedicine app, allowing healthcare providers to access and manage patient records seamlessly during virtual consultations. The initiative aims to enhance efficiency and accuracy in patient care.",,,,,,Electronic Health Records Integration,,,3,,,,Active,,2024-05-06T17:35:15.953Z,,2ab454ff-c6f6-484f-85f1-a82ecfee0106,https://www.youtube.com/embed/ehr-integration
14,,,,,2024-05-06T17:35:30.334Z,,"Launch an initiative to implement medication management tools within the telemedicine app, allowing patients to track their medication usage, set reminders for doses, and receive information about drug interactions and side effects. The initiative aims to improve medication adherence and patient safety.",,,,,,Medication Management Tools,,,3,,,,Active,,2024-05-06T17:35:30.334Z,,3ab454ff-c6f6-484f-85f1-a82ecfee0106,https://www.youtube.com/embed/medication-management-tools
15,,,,,2024-05-06T17:35:45.474Z,,"Launch an initiative to develop remote monitoring solutions within the telemedicine app, enabling healthcare providers to remotely monitor patients' vital signs, symptoms, and health metrics. The initiative aims to facilitate proactive healthcare interventions and improve patient outcomes.",,,,,,Remote Monitoring Solutions,,,3,,,,Active,,2024-05-06T17:35:45.474Z,,4ab454ff-c6f6-484f-85f1-a82ecfee0106,https://www.youtube.com/embed/remote-monitoring-solutions
16,,,,,2024-05-06T17:34:47.117Z,,"Launch an initiative to develop a carbon emission dashboard for the sustainability tracking tool, providing companies with insights into their carbon footprint, emissions trends, and environmental impact. The initiative aims to facilitate informed decision-making and sustainability efforts.",,,,,,Carbon Emission Dashboard,,,4,,,,Active,,2024-05-06T17:34:47.117Z,,0ab454ff-c6f6-484f-85f1-a82ecfee0106,https://www.youtube.com/embed/carbon-emission-dashboard
17,,,,,2024-05-06T17:35:00.217Z,,"Launch an initiative to develop sustainability reporting templates for the sustainability tracking tool, enabling companies to generate standardized reports on their sustainability performance, progress, and goals. The initiative aims to streamline reporting processes and enhance transparency.",,,,,,Sustainability Reporting Templates,,,4,,,,Active,,2024-05-06T17:35:00.217Z,,1ab454ff-c6f6-484f-85f1-a82ecfee0106,https://www.youtube.com/embed/sustainability-reporting-templates
18,,,,,2024-05-06T17:35:15.998Z,,"Launch an initiative to develop a carbon footprint calculator as part of the sustainability tracking tool, allowing companies to quantify their greenhouse gas emissions across various scopes and activities. The initiative aims to empower companies to identify emission hotspots and prioritize mitigation strategies.",,,,,,Carbon Footprint Calculator,,,4,,,,Active,,2024-05-06T17:35:15.998Z,,2ab454ff-c6f6-484f-85f1-a82ecfee0106,https://www.youtube.com/embed/carbon-footprint-calculator
19,,,,,2024-05-06T17:35:30.400Z,,"Launch an initiative to conduct supply chain sustainability assessments using the sustainability tracking tool, evaluating suppliers' environmental practices, social responsibility, and ethical standards. The initiative aims to promote sustainable sourcing and procurement practices.",,,,,,Supply Chain Sustainability Assessment,,,4,,,,Active,,2024-05-06T17:35:30.400Z,,3ab454ff-c6f6-484f-85f1-a82ecfee0106,https://www.youtube.com/embed/supply-chain-sustainability-assessment
20,,,,,2024-05-06T17:35:45.573Z,,"Launch an initiative to develop environmental impact analytics features within the sustainability tracking tool, enabling companies to analyze the environmental consequences of their business operations and identify opportunities for improvement. The initiative aims to drive continuous environmental performance optimization.",,,,,,Environmental Impact Analytics,,,4,,,,Active,,2024-05-06T17:35:45.573Z,,4ab454ff-c6f6-484f-85f1-a82ecfee0106,https://www.youtube.com/embed/environmental-impact-analytics
21,,,,,2024-05-06T17:34:47.117Z,,"Launch an initiative to implement AI-driven customized budgeting features within the personal finance application, providing users with tailored budget plans based on their spending habits, income, and financial goals. The initiative aims to help users achieve better financial management and control.",,,,,,Customized Budgeting AI,,,5,,,,Active,,2024-05-06T17:34:47.117Z,,0ab454ff-c6f6-484f-85f1-a82ecfee0106,https://www.youtube.com/embed/customized-budgeting-ai
22,,,,,2024-05-06T17:35:00.231Z,,"Launch an initiative to integrate AI-powered investment insights into the personal finance application, offering users personalized investment recommendations, portfolio optimization strategies, and risk assessments. The initiative aims to empower users to make informed investment decisions.",,,,,,AI-Powered Investment Insights,,,5,,,,Active,,2024-05-06T17:35:00.231Z,,1ab454ff-c6f6-484f-85f1-a82ecfee0106,https://www.youtube.com/embed/ai-powered-investment-insights
23,,,,,2024-05-06T17:35:15.982Z,,"Launch an initiative to introduce AI assistance for setting and achieving savings goals within the personal finance application, providing users with personalized savings plans, progress tracking, and motivational reminders. The initiative aims to encourage users to build healthy saving habits.",,,,,,Savings Goal AI Assistance,,,5,,,,Active,,2024-05-06T17:35:15.982Z,,2ab454ff-c6f6-484f-85f1-a82ecfee0106,https://www.youtube.com/embed/savings-goal-ai-assistance
24,,,,,2024-05-06T17:35:30.380Z,,"Launch an initiative to implement AI-powered expense analysis features within the personal finance application, automatically categorizing expenses, identifying spending patterns, and providing insights to help users optimize their spending habits. The initiative aims to promote financial awareness and control.",,,,,,AI-Powered Expense Analysis,,,5,,,,Active,,2024-05-06T17:35:30.380Z,,3ab454ff-c6f6-484f-85f1-a82ecfee0106,https://www.youtube.com/embed/ai-powered-expense-analysis
25,,,,,2024-05-06T17:35:45.522Z,,"Launch an initiative to enhance financial planning capabilities with AI assistance within the personal finance application, offering users personalized financial advice, goal prioritization, and long-term planning strategies. The initiative aims to empower users to take control of their financial future.",,,,,,AI-Enhanced Financial Planning,,,5,,,,Active,,2024-05-06T17:35:45.522Z,,4ab454ff-c6f6-484f-85f1-a82ecfee0106,https://www.youtube.com/embed/ai-enhanced-financial-planning
26,,,,,2024-05-06T17:34:47.117Z,,"Launch an initiative to develop a comprehensive platform for hosting virtual events, featuring tools for live broadcasting, attendee interaction, and event analytics. The initiative aims to provide event organizers with a seamless and engaging virtual event experience.",,,,,,Virtual Event Platform Development,,,6,,,,Active,,2024-05-06T17:34:47.117Z,,0ab454ff-c6f6-484f-85f1-a82ecfee0106,https://www.youtube.com/embed/virtual-event-platform-development
27,,,,,2024-05-06T17:34:47.117Z,,"Launch an initiative to integrate interactive networking features into the virtual event platform, allowing attendees to connect with each other, join group discussions, and exchange contact information. The initiative aims to facilitate meaningful connections and collaboration.",,,,,,Interactive Event Networking Features,,,6,,,,Active,,2024-05-06T17:34:47.117Z,,1ab454ff-c6f6-484f-85f1-a82ecfee0106,https://www.youtube.com/embed/interactive-event-networking-features
28,,,,,2024-05-06T17:34:47.117Z,,"Launch an initiative to integrate live broadcasting capabilities into the virtual event platform, allowing organizers to stream keynote speeches, panel discussions, and presentations in real-time. The initiative aims to enhance the engagement and reach of virtual events.",,,,,,Live Broadcasting Integration,,,6,,,,Active,,2024-05-06T17:34:47.117Z,,2ab454ff-c6f6-484f-85f1-a82ecfee0106,https://www.youtube.com/embed/live-broadcasting-integration
29,,,,,2024-05-06T17:34:47.117Z,,"Launch an initiative to develop audience engagement tools for the virtual event platform, such as polls, Q&A sessions, and interactive quizzes, to keep attendees actively involved and interested throughout the event. The initiative aims to maximize participant interaction and satisfaction.",,,,,,Audience Engagement Tools,,,6,,,,Active,,2024-05-06T17:34:47.117Z,,3ab454ff-c6f6-484f-85f1-a82ecfee0106,https://www.youtube.com/embed/audience-engagement-tools
30,,,,,2024-05-06T17:34:47.117Z,,"Launch an initiative to implement comprehensive event analytics features within the virtual event platform, providing organizers with valuable insights into attendee behavior, session popularity, and overall event success metrics. The initiative aims to support data-driven decision-making and future event planning.",,,,,,Comprehensive Event Analytics,,,6,,,,Active,,2024-05-06T17:34:47.117Z,,4ab454ff-c6f6-484f-85f1-a82ecfee0106,https://www.youtube.com/embed/comprehensive-event-analytics
31,,,,,2024-05-06T17:34:47.117Z,,"Launch an initiative to introduce real-time collaborative coding sessions on the online platform, allowing coders to work together on open-source projects in a synchronous manner. The initiative aims to facilitate teamwork and knowledge sharing among developers.",,,,,,Real-Time Collaborative Coding Sessions,,,7,,,,Active,,2024-05-06T17:34:47.117Z,,0ab454ff-c6f6-484f-85f1-a82ecfee0106,https://www.youtube.com/embed/real-time-collaborative-coding-sessions
32,,,,,2024-05-06T17:35:00.158Z,,"Launch an initiative to integrate peer code reviews functionality into the online platform, allowing developers to provide feedback and suggestions on each other's code. The initiative aims to improve code quality and foster a culture of constructive criticism.",,,,,,Peer Code Reviews Integration,,,7,,,,Active,,2024-05-06T17:35:00.158Z,,1ab454ff-c6f6-484f-85f1-a82ecfee0106,https://www.youtube.com/embed/peer-code-reviews-integration
33,,,,,2024-05-06T17:35:15.992Z,,"Launch an initiative to create project collaboration spaces within the online platform, enabling developers to organize and manage their open-source projects effectively. The initiative aims to provide a centralized hub for project documentation, discussions, and task tracking.",,,,,,Project Collaboration Spaces,,,7,,,,Active,,2024-05-06T17:35:15.992Z,,2ab454ff-c6f6-484f-85f1-a82ecfee0106,https://www.youtube.com/embed/project-collaboration-spaces
34,,,,,2024-05-06T17:35:30.405Z,,"Launch an initiative to introduce code contribution leaderboards on the online platform, recognizing and celebrating the contributions of developers to open-source projects. The initiative aims to incentivize active participation and foster a sense of community.",,,,,,Code Contribution Leaderboards,,,7,,,,Active,,2024-05-06T17:35:30.405Z,,3ab454ff-c6f6-484f-85f1-a82ecfee0106,https://www.youtube.com/embed/code-contribution-leaderboards
35,,,,,2024-05-06T17:35:45.519Z,,"Launch an initiative to develop learning paths for contributors on the online platform, offering curated resources and tutorials to help developers enhance their skills and contribute effectively to open-source projects. The initiative aims to support continuous learning and professional development.",,,,,,Learning Paths for Contributors,,,7,,,,Active,,2024-05-06T17:35:45.519Z,,4ab454ff-c6f6-484f-85f1-a82ecfee0106,https://www.youtube.com/embed/learning-paths-for-contributors
36,,,,,2024-05-06T17:34:47.117Z,,"Launch an initiative to develop the PetConnect mobile app, connecting pet owners with services such as veterinary care, grooming, and pet sitting within their local area. The app aims to provide convenience and accessibility for pet owners to care for their pets' needs.",,,,,,PetConnect Mobile App Development,,,8,,,,Active,,2024-05-06T17:34:47.117Z,,0ab454ff-c6f6-484f-85f1-a82ecfee0106,https://www.youtube.com/embed/petconnect-mobile-app
37,,,,,2024-05-06T17:35:00.151Z,,"Launch an initiative to integrate additional pet services into the PetConnect mobile app, expanding its functionality to include features such as pet training, adoption services, and pet supply delivery. The initiative aims to make PetConnect a comprehensive platform for all pet-related needs.",,,,,,PetConnect Service Integration,,,8,,,,Active,,2024-05-06T17:35:00.151Z,,1ab454ff-c6f6-484f-85f1-a82ecfee0106,https://www.youtube.com/embed/petconnect-service-integration
38,,,,,2024-05-06T17:35:15.972Z,,"Launch an initiative to enhance the user experience of the PetConnect mobile app, optimizing navigation, streamlining processes, and improving overall usability. The initiative aims to provide a seamless and intuitive experience for pet owners.",,,,,,PetConnect User Experience Enhancement,,,8,,,,Active,,2024-05-06T17:35:15.972Z,,2ab454ff-c6f6-484f-85f1-a82ecfee0106,https://www.youtube.com/embed/petconnect-user-experience-enhancement
39,,,,,2024-05-06T17:35:30.387Z,,"Launch an initiative to build a community around the PetConnect mobile app, fostering engagement, interaction, and knowledge sharing among pet owners. The initiative aims to create a supportive and informative environment for pet enthusiasts.",,,,,,PetConnect Community Building,,,8,,,,Active,,2024-05-06T17:35:30.387Z,,3ab454ff-c6f6-484f-85f1-a82ecfee0106,https://www.youtube.com/embed/petconnect-community-building
40,,,,,2024-05-06T17:35:45.501Z,,"Launch an initiative to create a marketing campaign for the PetConnect mobile app, raising awareness, attracting users, and promoting its features and benefits. The initiative aims to drive adoption and usage of PetConnect among pet owners.",,,,,,PetConnect Marketing Campaign,,,8,,,,Active,,2024-05-06T17:35:45.501Z,,4ab454ff-c6f6-484f-85f1-a82ecfee0106,https://www.youtube.com/embed/petconnect-marketing-campaign
41,,,,,2024-05-06T17:34:47.117Z,,"Launch an initiative to implement AI-powered intrusion detection capabilities within the smart home security system, enabling the system to analyze camera footage and sensor data to detect and alert users of potential security threats or unauthorized access to their property.",,,,,,AI-Powered Intrusion Detection,,,9,,,,Active,,2024-05-06T17:34:47.117Z,,0ab454ff-c6f6-484f-85f1-a82ecfee0106,https://www.youtube.com/embed/ai-powered-intrusion-detection
42,,,,,2024-05-06T17:35:00.166Z,,"Launch an initiative to integrate facial recognition technology into the smart home security system, allowing users to create personalized access profiles for family members and authorized individuals. The system will grant or deny access based on recognized faces, enhancing security and convenience.",,,,,,Facial Recognition Access Control,,,9,,,,Active,,2024-05-06T17:35:00.166Z,,1ab454ff-c6f6-484f-85f1-a82ecfee0106,https://www.youtube.com/embed/facial-recognition-access-control
43,,,,,2024-05-06T17:35:15.972Z,,"Launch an initiative to implement behavioral analysis algorithms within the smart home security system, enabling it to recognize unusual patterns or behaviors and generate security alerts. The system will learn and adapt to the user's routines over time, enhancing its ability to detect potential threats.",,,,,,Behavioral Analysis Security Alerts,,,9,,,,Active,,2024-05-06T17:35:15.972Z,,2ab454ff-c6f6-484f-85f1-a82ecfee0106,https://www.youtube.com/embed/behavioral-analysis-security-alerts
44,,,,,2024-05-06T17:35:30.379Z,,"Launch an initiative to deploy intelligent activity recognition algorithms within the smart home security system, enabling it to differentiate between normal activities and potential security threats. The system will provide customized alerts and notifications based on detected activities, enhancing user awareness and responsiveness.",,,,,,Intelligent Activity Recognition,,,9,,,,Active,,2024-05-06T17:35:30.379Z,,3ab454ff-c6f6-484f-85f1-a82ecfee0106,https://www.youtube.com/embed/intelligent-activity-recognition
45,,,,,2024-05-06T17:35:45.528Z,,"Launch an initiative to develop a real-time alert monitoring system for the smart home security system, allowing users to receive instant notifications on their mobile devices or via email whenever a security event is detected. The system will provide detailed alerts with accompanying video footage or sensor data for quick response and action.",,,,,,Real-Time Alert Monitoring,,,9,,,,Active,,2024-05-06T17:35:45.528Z,,4ab454ff-c6f6-484f-85f1-a82ecfee0106,https://www.youtube.com/embed/real-time-alert-monitoring
46,,,,,2024-05-06T17:34:47.117Z,,"Launch an initiative to host a virtual gear expo within the marketplace, showcasing a wide range of musical instruments, equipment, and gear available for purchase, sale, or rent. The initiative aims to provide musicians with a convenient and immersive shopping experience.",,,,,,Virtual Gear Expo,,,10,,,,Active,,2024-05-06T17:34:47.117Z,,0ab454ff-c6f6-484f-85f1-a82ecfee0106,https://www.youtube.com/embed/virtual-gear-expo
47,,,,,2024-05-06T17:35:00.012Z,,"Launch an initiative to organize live gear demonstrations on the platform, featuring musicians and product experts showcasing the capabilities and features of various gear and equipment available for sale or rent. The initiative aims to provide users with valuable insights and recommendations.",,,,,,Live Gear Demonstrations,,,10,,,,Active,,2024-05-06T17:35:00.012Z,,1ab454ff-c6f6-484f-85f1-a82ecfee0106,https://www.youtube.com/embed/live-gear-demonstrations
48,,,,,2024-05-06T17:35:15.301Z,,"Launch an initiative to introduce a rent-to-own program for musical gear and equipment within the marketplace, allowing musicians to rent items with the option to purchase them later. The initiative aims to provide flexibility and affordability to musicians.",,,,,,Rent-to-Own Program,,,10,,,,Active,,2024-05-06T17:35:15.301Z,,2ab454ff-c6f6-484f-85f1-a82ecfee0106,https://www.youtube.com/embed/rent-to-own-program
49,,,,,2024-05-06T17:35:30.477Z,,"Launch an initiative to organize live jam sessions on the platform, allowing musicians to collaborate and perform together in real-time through the integrated live streaming feature. The initiative aims to foster creativity and community among musicians.",,,,,,Live Jam Sessions,,,10,,,,Active,,2024-05-06T17:35:30.477Z,,3ab454ff-c6f6-484f-85f1-a82ecfee0106,https://www.youtube.com/embed/live-jam-sessions
50,,,,,2024-05-06T17:35:45.789Z,,"Launch an initiative to feature exclusive live performances by renowned artists on the platform, providing users with unique and engaging content. The initiative aims to attract and retain users while promoting talented musicians.",,,,,,Exclusive Artist Performances,,,10,,,,Active,,2024-05-06T17:35:45.789Z,,4ab454ff-c6f6-484f-85f1-a82ecfee0106,https://www.youtube.com/embed/exclusive-artist-performances
1,[],True,False,,2024-05-06T17:34:38.076Z,1,"Launch a challenge for the CloudCanvas community to collaborate on creating a large-scale artwork. Participants will contribute their unique artistic styles to a shared canvas, resulting in a collective masterpiece.",,True,1,,,,,High,1,1,0,Collaborative challenge for community artwork creation.,Active,Community Art Collaboration Challenge,2024-05-06T17:34:38.076Z,,eaf9f4fb-352c-41b1-9434-504f579065f0,https://www.youtube.com/watch?v=abcd1234
2,[],True,False,,2024-05-06T17:34:38.076Z,1,Launch a challenge for CloudCanvas artists to showcase their individual artworks and portfolios. Participants will have the opportunity to gain exposure and connect with potential collaborators and clients.,,True,1,,,,,High,1,1,0,Challenge for artists to showcase their portfolios.,Active,Artist Showcase Challenge,2024-05-06T17:34:38.076Z,,8a3e8c16-26b0-4f21-96e2-c268e8d83b17,https://www.youtube.com/watch?v=abcd1234
3,[],True,False,,2024-05-06T17:34:38.076Z,1,"Launch a themed art contest on CloudCanvas, where artists can submit artworks based on a specific theme or topic. Winners will be selected based on creativity, originality, and adherence to the theme.",,True,2,,,,,High,1,2,0,Contest for themed artworks.,Active,Themed Art Contest,2024-05-06T17:34:38.076Z,,9928f259-0543-4fc2-9e52-889fe1624642,https://www.youtube.com/watch?v=abcd1234
4,[],True,False,,2024-05-06T17:34:38.076Z,1,"Organize an Art Collaboration Jam event on CloudCanvas, where artists can join live sessions to create artworks together in real-time. The event aims to foster creativity, collaboration, and community spirit.",,True,2,,,,,High,1,2,0,Live event for collaborative art creation.,Active,Art Collaboration Jam,2024-05-06T17:34:38.076Z,,41e51767-3cb1-4ae7-8658-2f299e3349ef,https://www.youtube.com/watch?v=abcd1234
5,[],True,False,,2024-05-06T17:34:38.076Z,1,"Launch a challenge for artists to remix and reimagine existing artworks on CloudCanvas. Participants can create new interpretations, mashups, or variations of selected artworks to showcase their creativity and innovation.",,True,3,,,,,High,1,3,0,Challenge for remixing existing artworks.,Active,Artwork Remix Challenge,2024-05-06T17:34:38.076Z,,31c8a7c4-1e17-481e-9bf0-7a29f75e7a5d,https://www.youtube.com/watch?v=abcd1234
6,[],True,False,,2024-05-06T17:34:38.076Z,1,"Host a series of digital art workshops on CloudCanvas, covering various techniques, styles, and software tools. The workshops aim to provide artists with new skills and inspiration to enhance their creative practice.",,True,3,,,,,High,1,3,0,Workshop series for digital art techniques.,Active,Digital Art Workshop Series,2024-05-06T17:34:38.076Z,,e76838a6-bfc7-41a3-818e-3c17faffed81,https://www.youtube.com/watch?v=abcd1234
7,[],True,False,,2024-05-06T17:34:38.076Z,1,"Organize monthly Art Jam sessions on CloudCanvas, where artists can come together to create artworks based on a given theme or prompt. The sessions aim to provide a supportive and collaborative environment for artistic expression.",,True,4,,,,,High,1,3,0,Monthly sessions for collaborative art creation.,Active,Monthly Art Jam Sessions,2024-05-06T17:34:38.076Z,,e40e405b-6b77-44fd-8f70-aabc94512722,https://www.youtube.com/watch?v=abcd1234
8,[],True,False,,2024-05-06T17:34:38.076Z,1,"Curate an Art Collaboration Showcase on CloudCanvas, featuring collaborative artworks created by artists from diverse backgrounds and styles. The showcase aims to celebrate the power of collaboration and creativity.",,True,4,,,,,High,1,3,0,Showcase for collaborative artworks.,Active,Art Collaboration Showcase,2024-05-06T17:34:38.076Z,,e40e405b-6b77-44fd-8f70-aabc9451272d,https://www.youtube.com/watch?v=abcd1234
9,[],True,False,,2024-05-06T17:34:38.076Z,1,"Organize a workshop on CloudCanvas focused on digital art collaboration techniques, tools, and best practices. Participants will learn how to effectively collaborate with other artists to create impactful artworks.",,True,5,,,,,High,1,4,0,Workshop on digital art collaboration.,Active,Digital Art Collaboration Workshop,2024-05-06T17:34:38.076Z,,e40e405b-6b77-44fd-8f70-aabc94512725,https://www.youtube.com/watch?v=abcd1234
10,[],True,False,,2024-05-06T17:34:38.076Z,1,"Host a competition on CloudCanvas where artists form teams to compete in creating collaborative artworks within a set time frame. The competition aims to promote teamwork, creativity, and friendly rivalry.",,True,5,,,,,High,1,4,0,Competition for collaborative art creation.,Active,Art Collaboration Competition,2024-05-06T17:34:38.076Z,,e40e405b-6b77-44fd-8f70-aabc9451272b,https://www.youtube.com/watch?v=abcd1234
11,[],True,False,,2024-05-06T17:34:38.076Z,1,Launch an interactive quiz competition on EduSync to test students' knowledge across various subjects and topics. Participants can earn points and rewards based on their performance.,,True,6,,,,,High,2,1,0,Engage students with an interactive quiz competition.,Active,Interactive Quiz Competition,2024-05-06T17:34:38.076Z,,e40e405b-6b77-44fd-8f70-aabc9451112e,https://www.youtube.com/watch?v=abcd1234
12,[],True,False,,2024-05-06T17:34:38.076Z,1,"Organize a virtual reality field trip on EduSync, allowing students to explore historical sites, natural wonders, and cultural landmarks from the comfort of their classrooms.",,True,6,,,,,High,2,1,0,Experience virtual reality field trips.,Active,Virtual Reality Field Trip,2024-05-06T17:34:38.076Z,,e40e405b-6b77-44fd-8f70-aabc9451272f,https://www.youtube.com/watch?v=abcd1234
13,[],True,False,,2024-05-06T17:34:38.076Z,1,"Host a role-playing scenario workshop on EduSync, where students can assume different roles and engage in simulated real-life situations to develop problem-solving and decision-making skills.",,True,7,,,,,High,2,2,0,Participate in role-playing scenario workshops.,Active,Role-Playing Scenario Workshop,2024-05-06T17:34:38.076Z,,e40e405b-6b77-44fd-8f70-aabc9451272a,https://www.youtube.com/watch?v=abcd1234
14,[],True,False,,2024-05-06T17:34:38.076Z,1,"Organize a storytelling competition on EduSync, where students can showcase their creativity and narrative skills by crafting and presenting original stories on various themes.",,True,7,,,,,High,2,2,0,Participate in a storytelling competition.,Active,Storytelling Competition,2024-05-06T17:34:38.076Z,,e40e405b-6b77-44fd-8f70-aabc9451271e,https://www.youtube.com/watch?v=abcd1234
15,[],True,False,,2024-05-06T17:34:38.076Z,1,"Host an artistic expression showcase on EduSync, inviting students to submit their artwork, poetry, music, or other creative works for display and recognition.",,True,8,,,,,High,2,2,0,Showcase artistic expressions on EduSync.,Active,Artistic Expression Showcase,2024-05-06T17:34:38.076Z,,e40e405b-6b77-44fd-8f70-aabc9451274f,https://www.youtube.com/watch?v=abcd1234
16,[],True,False,,2024-05-06T17:34:38.076Z,1,"Launch a problem-solving quest on EduSync, where students must work collaboratively to solve complex challenges and puzzles within a specified time frame.",,True,8,,,,,High,2,2,0,Embark on a problem-solving quest on EduSync.,Active,Problem-Solving Quest,2024-05-06T17:34:38.076Z,,e40e405b-6b77-44fd-8f70-aabc94512782,https://www.youtube.com/watch?v=abcd1234
17,[],True,False,,2024-05-06T17:34:38.076Z,1,"Organize a science fair competition on EduSync, allowing students to showcase their scientific experiments, research projects, and innovations to a wider audience.",,True,9,,,,,High,2,5,0,Participate in a science fair competition.,Active,Science Fair Competition,2024-05-06T17:34:38.076Z,,e40e405b-6b77-44fd-8f70-aabc9451278d,https://www.youtube.com/watch?v=abcd1234
18,[],True,False,,2024-05-06T17:34:38.076Z,1,"Host a mathematics olympiad on EduSync, challenging students to demonstrate their mathematical prowess and problem-solving abilities in a competitive environment.",,True,9,,,,,High,2,5,0,Participate in a mathematics olympiad on EduSync.,Active,Mathematics Olympiad,2024-05-06T17:34:38.076Z,,e40e405b-6b77-44fd-8f70-aabc9451281d,https://www.youtube.com/watch?v=abcd1234
19,[],True,False,,2024-05-06T17:34:38.076Z,1,"Organize a debate tournament on EduSync, where students can engage in structured debates on various topics to improve their critical thinking, communication, and persuasion skills.",,True,10,,,,,High,2,5,0,Participate in a debate tournament on EduSync.,Active,Debate Tournament,2024-05-06T17:34:38.076Z,,e40e405b-6b77-44fd-8f70-aabc9451293b,https://www.youtube.com/watch?v=abcd1234
20,[],True,False,,2024-05-06T17:34:38.076Z,1,"Host a coding competition on EduSync, challenging students to solve coding problems, algorithms, and puzzles to showcase their programming skills and logical thinking abilities.",,True,10,,,,,High,2,5,0,Participate in a coding competition on EduSync.,Active,Coding Competition,2024-05-06T17:34:38.076Z,,e40e405b-6b77-44fd-8f70-aabc9451269a,https://www.youtube.com/watch?v=abcd1234
21,[],True,False,,2024-05-06T17:34:38.076Z,1,"Integrate teleconsultation functionality into HealthHub, allowing patients to schedule virtual appointments with healthcare providers and conduct remote consultations from the comfort of their homes.",,True,11,,,,,High,3,5,0,Integrate teleconsultation functionality into HealthHub.,Active,Teleconsultation Integration,2024-05-06T17:34:38.076Z,,e40e405b-6b77-44fd-8f70-aabc9451372e,https://www.youtube.com/watch?v=abcd1234
22,[],True,False,,2024-05-06T17:34:38.076Z,1,"Implement electronic health records (EHR) integration within HealthHub, enabling seamless access to patient medical history and records for healthcare providers during virtual consultations.",,True,11,,,,,High,3,5,0,Implement EHR integration within HealthHub.,Active,Electronic Health Records Integration,2024-05-06T17:34:38.076Z,,f40e405b-6b77-44fd-8f70-aabc9451272e,https://www.youtube.com/watch?v=abcd1234
23,[],True,False,,2024-05-06T17:34:38.076Z,1,"Develop a mobile application for HealthHub, providing patients and healthcare providers with convenient access to virtual healthcare services, appointment scheduling, and patient management tools on their smartphones.",,True,12,,,,,High,3,6,0,Develop a mobile app for HealthHub.,Active,HealthHub Mobile App Development,2024-05-06T17:34:38.076Z,,140e405b-6b77-44fd-8f70-aabc9451272e,https://www.youtube.com/watch?v=abcd1234
24,[],True,False,,2024-05-06T17:34:38.076Z,1,"Implement virtual prescription renewal functionality within HealthHub, allowing patients to request prescription refills and receive digital prescriptions from healthcare providers through the app.",,True,12,,,,,High,3,6,0,Implement virtual prescription renewal in HealthHub.,Active,Virtual Prescription Renewal,2024-05-06T17:34:38.076Z,,340e405b-6b77-44fd-8f70-aabc9451272e,https://www.youtube.com/watch?v=abcd1234
25,[],True,False,,2024-05-06T17:34:38.076Z,1,"Provide comprehensive training sessions for healthcare providers on how to effectively use HealthHub for virtual consultations, patient management, and accessing telemedicine tools.",,True,13,,,,,High,3,6,0,Provide training for healthcare providers on HealthHub.,Active,HealthHub Telemedicine Training,2024-05-06T17:34:38.076Z,,440e405b-6b77-44fd-8f70-aabc9451272e,https://www.youtube.com/watch?v=abcd1234
26,[],True,False,,2024-05-06T17:34:38.076Z,1,"Implement a patient feedback mechanism within HealthHub, allowing users to rate their virtual healthcare experience and provide comments or suggestions for improvement.",,True,13,,,,,High,3,6,0,Implement patient feedback mechanism in HealthHub.,Active,Patient Feedback Mechanism,2024-05-06T17:34:38.076Z,,940e405b-6b77-44fd-8f70-aabc9451272e,https://www.youtube.com/watch?v=abcd1234
27,[],True,False,,2024-05-06T17:34:38.076Z,1,"Integrate remote patient monitoring devices with HealthHub, allowing healthcare providers to remotely track patients' vital signs, symptoms, and health metrics for proactive care management.",,True,14,,,,,High,3,7,0,Integrate remote monitoring devices with HealthHub.,Active,Remote Monitoring Integration,2024-05-06T17:34:38.076Z,,a40e405b-6b77-44fd-8f70-aabc9451272e,https://www.youtube.com/watch?v=abcd1234
28,[],True,False,,2024-05-06T17:34:38.076Z,1,"Redesign the user interface of HealthHub to improve usability, accessibility, and user experience for both healthcare providers and patients accessing virtual healthcare services through the app.",,True,14,,,,,High,3,8,0,Redesign HealthHub user interface.,Active,HealthHub User Interface Redesign,2024-05-06T17:34:38.076Z,,340e405b-6b77-44fd-8f70-aabc9451272e,https://www.youtube.com/watch?v=abcd1234
29,[],True,False,,2024-05-06T17:34:38.076Z,1,"Develop a secure messaging feature within HealthHub, allowing healthcare providers and patients to communicate securely and exchange medical information, test results, and treatment plans.",,True,15,,,,,High,3,6,0,Develop secure messaging feature in HealthHub.,Active,HealthHub Secure Messaging Feature,2024-05-06T17:34:38.076Z,,b40e405b-6b77-44fd-8f70-aabc9451272e,https://www.youtube.com/watch?v=abcd1234
30,[],True,False,,2024-05-06T17:34:38.076Z,1,"Create a virtual waiting room feature within HealthHub, allowing patients to join a queue and wait for their turn during virtual appointments, improving appointment management and patient flow.",,True,15,,,,,High,3,6,0,Create virtual waiting room feature in HealthHub.,Active,HealthHub Virtual Waiting Room,2024-05-06T17:34:38.076Z,,540e405b-6b77-44fd-8f70-aabc9451272e,https://www.youtube.com/watch?v=abcd1234
31,[],True,False,,2024-05-06T17:34:38.076Z,1,Launch a challenge to encourage companies to reduce their carbon emissions by implementing sustainable practices and initiatives. Companies will compete to achieve the highest reduction in carbon footprint over a specified period.,,True,16,,,,,High,4,1,0,Encourage companies to reduce carbon emissions.,Active,Carbon Emission Reduction Challenge,2024-05-06T17:34:38.076Z,,140e405b-6b77-44fd-8f70-aabc9451272e,https://www.youtube.com/watch?v=abcd1234
32,[],True,False,,2024-05-06T17:34:38.076Z,1,Launch a challenge to help companies optimize their energy efficiency and reduce their environmental impact. Companies will implement energy-saving measures and technologies to decrease energy consumption.,,True,16,,,,,High,4,1,0,Help companies optimize energy efficiency.,Active,Energy Efficiency Optimization Challenge,2024-05-06T17:34:38.076Z,,f40e405b-6b77-44fd-8f70-aabc9451272e,https://www.youtube.com/watch?v=abcd1234
33,[],True,False,,2024-05-06T17:34:38.076Z,1,Launch a challenge to help companies minimize waste generation and promote recycling and reuse practices. Companies will develop strategies to reduce waste production and implement recycling programs.,,True,17,,,,,High,4,4,0,Minimize waste generation and promote recycling.,Active,Waste Reduction Challenge,2024-05-06T17:34:38.076Z,,140e405b-6b77-44fd-8f70-aabc9451272e,https://www.youtube.com/watch?v=abcd1234
34,[],True,False,,2024-05-06T17:34:38.076Z,1,"Launch a challenge to encourage companies to adopt sustainable transportation solutions and reduce their reliance on fossil fuels. Companies will implement strategies to promote carpooling, biking, public transit, and electric vehicles.",,True,17,,,,,High,4,3,0,Promote sustainable transportation solutions.,Active,Sustainable Transportation Challenge,2024-05-06T17:34:38.076Z,,240e405b-6b77-44fd-8f70-aabc9451272e,https://www.youtube.com/watch?v=abcd1234
35,[],True,False,,2024-05-06T17:34:38.076Z,1,Launch a challenge to help companies reduce water consumption and promote water conservation practices. Companies will implement water-saving technologies and strategies to minimize water usage.,,True,18,,,,,High,4,3,0,Promote water conservation practices.,Active,Water Conservation Challenge,2024-05-06T17:34:38.076Z,,840e405b-6b77-44fd-8f70-aabc9451272e,https://www.youtube.com/watch?v=abcd1234
36,[],True,False,,2024-05-06T17:34:38.076Z,1,"Launch a challenge to encourage companies to transition to renewable energy sources and reduce their reliance on non-renewable fuels. Companies will explore solar, wind, hydro, and other renewable energy options.",,True,18,,,,,High,4,8,0,Encourage adoption of renewable energy sources.,Active,Renewable Energy Adoption Challenge,2024-05-06T17:34:38.076Z,,c40e405b-6b77-44fd-8f70-aabc9451272e,https://www.youtube.com/watch?v=abcd1234
37,[],True,False,,2024-05-06T17:34:38.076Z,1,Launch a challenge to help companies reduce packaging waste and promote the use of sustainable packaging materials. Companies will design eco-friendly packaging solutions and minimize single-use plastics.,,True,19,,,,,High,4,8,0,Promote sustainable packaging solutions.,Active,Sustainable Packaging Challenge,2024-05-06T17:34:38.076Z,,840e405b-6b77-44fd-8f70-aabc9451272e,https://www.youtube.com/watch?v=abcd1234
38,[],True,False,,2024-05-06T17:34:38.076Z,1,Launch a challenge to encourage companies to preserve biodiversity and protect natural habitats. Companies will implement conservation efforts and support initiatives to safeguard wildlife and ecosystems.,,True,19,,,,,High,4,9,0,Preserve biodiversity and protect natural habitats.,Active,Biodiversity Conservation Challenge,2024-05-06T17:34:38.076Z,,b40e405b-6b77-44fd-8f70-aabc9451272e,https://www.youtube.com/watch?v=abcd1234
39,[],True,False,,2024-05-06T17:34:38.076Z,1,Launch a challenge to encourage companies to engage with local communities and support sustainable development projects. Companies will collaborate with community organizations and implement initiatives to address social and environmental issues.,,True,20,,,,,High,4,9,0,Engage with local communities and support sustainable development.,Active,Community Engagement Challenge,2024-05-06T17:34:38.076Z,,240e405b-6b77-44fd-8f70-aabc9451272e,https://www.youtube.com/watch?v=abcd1234
40,[],True,False,,2024-05-06T17:34:38.076Z,1,Launch a challenge to promote circular economy principles and encourage companies to adopt sustainable business practices. Companies will develop innovative solutions to reduce waste and promote resource efficiency.,,True,20,,,,,High,4,9,0,Promote circular economy principles and sustainable business practices.,Active,Circular Economy Innovation Challenge,2024-05-06T17:34:38.076Z,,640e405b-6b77-44fd-8f70-aabc9451272e,https://www.youtube.com/watch?v=abcd1234
41,[],True,False,,2024-05-06T17:34:38.076Z,1,"Launch an AI-powered budgeting feature within FinanceFlow, leveraging machine learning algorithms to analyze user spending habits and provide personalized budgeting recommendations. The feature aims to help users better manage their finances and achieve their financial goals.",,True,21,,,,,High,5,9,0,Launch an AI-powered budgeting feature within FinanceFlow to provide personalized budgeting recommendations.,Active,AI-Powered Budgeting Feature,2024-05-06T17:34:38.076Z,,e40e405b-6b77-44fd-8f70-aabc9451472e,https://www.youtube.com/watch?v=abcd1234
42,[],True,False,,2024-05-06T17:34:38.076Z,1,"Launch an investment portfolio optimization feature within FinanceFlow, utilizing AI algorithms to analyze user investment preferences, risk tolerance, and financial goals to offer personalized investment strategies. The feature aims to help users maximize returns and minimize risk.",,True,21,,,,,High,5,10,0,Launch an investment portfolio optimization feature within FinanceFlow to offer personalized investment strategies.,Active,Investment Portfolio Optimization,2024-05-06T17:34:38.076Z,,e40e405b-6b77-44fd-8f70-aabc9451572e,https://www.youtube.com/watch?v=abcd1234
43,[],True,False,,2024-05-06T17:34:38.076Z,1,"Launch a savings goal predictor feature within FinanceFlow, utilizing AI algorithms to analyze user income, expenses, and financial behavior to predict achievable savings goals. The feature aims to motivate users to save more effectively and reach their financial objectives.",,True,22,,,,,High,5,10,0,Launch a savings goal predictor feature within FinanceFlow to predict achievable savings goals.,Active,Savings Goal Predictor,2024-05-06T17:34:38.076Z,,e40e405b-6b77-44fd-8f70-aabc9451672e,https://www.youtube.com/watch?v=abcd1234
44,[],True,False,,2024-05-06T17:34:38.076Z,1,"Launch an enhancement to the expense tracking feature within FinanceFlow, integrating AI capabilities to automatically categorize expenses, identify spending patterns, and provide insights for better financial management. The enhancement aims to streamline expense tracking and improve user awareness of their spending habits.",,True,22,,,,,High,5,10,0,Enhance the expense tracking feature within FinanceFlow to streamline expense management.,Active,Expense Tracker Enhancement,2024-05-06T17:34:38.076Z,,e40e405b-6b77-44fd-8f70-aabc9451772e,https://www.youtube.com/watch?v=abcd1234
45,[],True,False,,2024-05-06T17:34:38.076Z,1,"Launch an automated investment recommendations feature within FinanceFlow, leveraging AI algorithms to analyze market trends, user preferences, and risk profiles to suggest personalized investment opportunities. The feature aims to simplify investment decision-making and optimize portfolio performance.",,True,23,,,,,High,5,10,0,Launch automated investment recommendations within FinanceFlow to optimize portfolio performance.,Active,Automated Investment Recommendations,2024-05-06T17:34:38.076Z,,e40e405b-6b77-44fd-8f70-aabc9451872e,https://www.youtube.com/watch?v=abcd1234
46,[],True,False,,2024-05-06T17:34:38.076Z,1,"Launch an AI-powered debt management feature within FinanceFlow, analyzing user debt obligations, income levels, and spending patterns to offer personalized debt repayment strategies. The feature aims to help users eliminate debt faster and achieve financial freedom.",,True,23,,,,,High,5,11,0,Launch an AI-powered debt management feature within FinanceFlow to offer personalized debt repayment strategies.,Active,AI-Powered Debt Management,2024-05-06T17:34:38.076Z,,e40e405b-6b77-44fd-8f70-aabc9231272e,https://www.youtube.com/watch?v=abcd1234
47,[],True,False,,2024-05-06T17:34:38.076Z,1,"Launch an AI-powered financial planning feature within FinanceFlow, analyzing user financial goals, income sources, and expenses to create personalized financial plans. The feature aims to empower users with actionable insights to achieve long-term financial success.",,True,24,,,,,High,5,12,0,Launch an AI-powered financial planning feature within FinanceFlow to create personalized financial plans.,Active,AI-Powered Financial Planning,2024-05-06T17:34:38.076Z,,e40e405b-6b77-44fd-8f70-aabc9457672e,https://www.youtube.com/watch?v=abcd1234
48,[],True,False,,2024-05-06T17:34:38.076Z,1,"Launch an AI-powered investment advisory feature within FinanceFlow, providing users with personalized investment recommendations based on their risk tolerance, financial goals, and market trends. The feature aims to assist users in making informed investment decisions.",,True,24,,,,,High,5,10,0,Launch an AI-powered investment advisory feature within FinanceFlow to provide personalized investment recommendations.,Active,AI-Powered Investment Advisory,2024-05-06T17:34:38.076Z,,e40e405b-6b77-44fd-8f70-aabc945127a2,https://www.youtube.com/watch?v=abcd1234
49,[],True,False,,2024-05-06T17:34:38.076Z,1,"Launch an AI-driven retirement planning feature within FinanceFlow, analyzing user retirement goals, income sources, and investment preferences to provide personalized retirement savings strategies. The feature aims to help users plan for a financially secure retirement.",,True,25,,,,,High,5,10,0,Launch an AI-driven retirement planning feature within FinanceFlow to provide personalized retirement savings strategies.,Active,AI-Driven Retirement Planning,2024-05-06T17:34:38.076Z,,a1f8c0b7-8f85-4687-9f6d-d4ff1a06b3c1,https://www.youtube.com/watch?v=abcd1234
50,[],True,False,,2024-05-06T17:34:38.076Z,1,"Launch an AI-powered tax optimization feature within FinanceFlow, analyzing user financial data and tax regulations to provide personalized tax-saving strategies. The feature aims to help users minimize tax liabilities and maximize tax refunds.",,True,25,,,,,High,5,11,0,Launch an AI-powered tax optimization feature within FinanceFlow to provide personalized tax-saving strategies.,Active,AI-Powered Tax Optimization,2024-05-06T17:34:38.076Z,,e40e405b-6b77-44fd-8f70-aabc94512711,https://www.youtube.com/watch?v=abcd1234
51,[],True,False,,2024-05-06T17:34:38.076Z,1,"Launch a challenge to design branding elements for VirtualEventPro, including logos, color schemes, and visual assets. The challenge aims to create a cohesive and visually appealing brand identity for the platform.",,True,26,,,,,High,6,11,0,Design branding elements for VirtualEventPro.,Active,Virtual Event Branding Challenge,2024-05-06T17:34:38.076Z,,e40e405b-6b77-44fd-8f70-aabc94512712,https://www.youtube.com/watch?v=abcd1234
52,[],True,False,,2024-05-06T17:34:38.076Z,1,"Launch a challenge to develop an interactive networking feature for VirtualEventPro, allowing attendees to connect with each other based on shared interests and preferences. The challenge aims to enhance attendee engagement and networking opportunities.",,True,26,,,,,High,6,12,0,Develop interactive networking feature.,Active,Interactive Networking Feature Development,2024-05-06T17:34:38.076Z,,e40e405b-6b77-44fd-8f70-aabc94512713,https://www.youtube.com/watch?v=abcd1234
53,[],True,False,,2024-05-06T17:34:38.076Z,1,"Launch a challenge to collect feedback from VirtualEventPro attendees, seeking insights into their experience, satisfaction levels, and suggestions for improvement. The challenge aims to gather valuable data for enhancing future events.",,True,27,,,,,High,6,12,0,Collect attendee feedback.,Active,Attendee Feedback Collection Challenge,2024-05-06T17:34:38.076Z,,e40e405b-6b77-44fd-8f70-aabc94512714,https://www.youtube.com/watch?v=abcd1234
54,[],True,False,,2024-05-06T17:34:38.076Z,1,"Launch a challenge to integrate a live polling feature into VirtualEventPro, allowing presenters to engage attendees with real-time polls and surveys during virtual events. The challenge aims to enhance audience participation and interaction.",,True,27,,,,,High,6,1,0,Integrate live polling feature.,Active,Live Polling Feature Integration Challenge,2024-05-06T17:34:38.076Z,,e40e405b-6b77-44fd-8f70-aabc94512715,https://www.youtube.com/watch?v=abcd1234
55,[],True,False,,2024-05-06T17:34:38.076Z,1,"Launch a challenge to develop a comprehensive analytics dashboard for VirtualEventPro, providing event organizers with insights into attendee engagement, content performance, and overall event success metrics. The challenge aims to facilitate data-driven decision-making and event optimization.",,True,28,,,,,High,6,1,0,Develop analytics dashboard.,Active,Virtual Event Analytics Dashboard Challenge,2024-05-06T17:34:38.076Z,,e40e405b-6b77-44fd-8f70-aabc94512716,https://www.youtube.com/watch?v=abcd1234
56,[],True,False,,2024-05-06T17:34:38.076Z,1,"Launch a challenge to develop gamification modules for VirtualEventPro, incorporating game mechanics such as points, badges, and leaderboards to incentivize attendee engagement and participation. The challenge aims to make virtual events more interactive and enjoyable.",,True,28,,,,,High,6,2,0,Develop gamification modules.,Active,Gamification Module Development Challenge,2024-05-06T17:34:38.076Z,,e40e405b-6b77-44fd-8f70-aabc94512718,https://www.youtube.com/watch?v=abcd1234
57,[],True,False,,2024-05-06T17:34:38.076Z,1,"Launch a challenge to integrate VirtualEventPro with popular third-party platforms and services, such as ticketing systems, streaming platforms, and CRM software. The challenge aims to enhance the functionality and accessibility of the virtual event platform.",,True,29,,,,,High,6,2,0,Integrate with third-party platforms.,Active,Virtual Event Platform Integration Challenge,2024-05-06T17:34:38.076Z,,e40e405b-6b77-44fd-8f70-aabc94512719,https://www.youtube.com/watch?v=abcd1234
58,[],True,False,,2024-05-06T17:34:38.076Z,1,"Launch a challenge to enhance the security features of VirtualEventPro, implementing measures such as encryption, access controls, and monitoring tools to safeguard attendee data and prevent unauthorized access. The challenge aims to ensure the privacy and integrity of virtual events.",,True,29,,,,,High,6,2,0,Enhance security features.,Active,Virtual Event Security Enhancement Challenge,2024-05-06T17:34:38.076Z,,e40e405b-6b77-44fd-8f70-aabc9451272a,https://www.youtube.com/watch?v=abcd1234
59,[],True,False,,2024-05-06T17:34:38.076Z,1,"Launch a challenge to crowdsource content creation for VirtualEventPro, inviting participants to submit presentations, workshops, and other educational materials for upcoming virtual events. The challenge aims to curate high-quality content that meets the diverse interests and needs of attendees.",,True,30,,,,,High,6,2,0,Crowdsource event content.,Active,Virtual Event Content Creation Challenge,2024-05-06T17:34:38.076Z,,e40e405b-6b77-44fd-8f70-aabc9451273a,https://www.youtube.com/watch?v=abcd1234
60,[],True,False,,2024-05-06T17:34:38.076Z,1,"Launch a challenge to improve the accessibility features of VirtualEventPro, ensuring that the platform is inclusive and accessible to users with disabilities. The challenge aims to identify and address barriers to participation in virtual events.",,True,30,,,,,High,6,6,0,Improve platform accessibility.,Active,Virtual Event Accessibility Improvement Challenge,2024-05-06T17:34:38.076Z,,e40e405b-6b77-44fd-8f70-aabc9451274a,https://www.youtube.com/watch?v=abcd1234
61,[],True,False,,2024-05-06T17:34:38.076Z,1,"Launch an initiative to enhance code collaboration features on CodeCraft, introducing real-time editing, inline commenting, and version control integration. The initiative aims to improve the efficiency and effectiveness of collaborative coding.",,True,31,,,,,High,7,6,0,Enhance code collaboration features.,Active,Enhance Code Collaboration Features,2024-05-06T17:34:38.076Z,,e40e405b-6b77-44fd-8f70-aabc9451275a,https://www.youtube.com/watch?v=abcd1234
62,[],True,False,,2024-05-06T17:34:38.076Z,1,"Launch an initiative to implement real-time code reviews on CodeCraft, allowing developers to provide feedback and suggestions as code is being written. The initiative aims to promote code quality and collaboration.",,True,31,,,,,High,7,6,0,Implement real-time code reviews.,Active,Implement Real-Time Code Reviews,2024-05-06T17:34:38.076Z,,e40e405b-6b77-44fd-8f70-aabc9451276a,https://www.youtube.com/watch?v=abcd1234
63,[],True,False,,2024-05-06T17:34:38.076Z,1,"Launch an initiative to introduce gamification elements on CodeCraft, such as achievements, badges, and leaderboards, to incentivize participation and engagement among users. The initiative aims to make coding more fun and motivating.",,True,32,,,,,High,7,6,0,Introduce gamification elements.,Active,Introduce Gamification Elements,2024-05-06T17:34:38.076Z,,e40e405b-6b77-44fd-8f70-aabc9451277a,https://www.youtube.com/watch?v=abcd1234
64,[],True,False,,2024-05-06T17:34:38.076Z,1,"Launch an initiative to expand project collaboration tools on CodeCraft, including task boards, project wikis, and team communication channels. The initiative aims to facilitate seamless collaboration among developers working on open-source projects.",,True,32,,,,,High,7,7,0,Expand project collaboration tools.,Active,Expand Project Collaboration Tools,2024-05-06T17:34:38.076Z,,e40e405b-6b77-44fd-8f70-aabc9451278a,https://www.youtube.com/watch?v=abcd1234
65,[],True,False,,2024-05-06T17:34:38.076Z,1,"Launch an initiative to improve code discovery and exploration features on CodeCraft, including advanced search capabilities, code navigation tools, and project categorization. The initiative aims to help developers find and contribute to relevant open-source projects more effectively.",,True,33,,,,,High,7,7,0,Improve code discovery and exploration.,Active,Improve Code Discovery and Exploration,2024-05-06T17:34:38.076Z,,e40e405b-6b77-44fd-8f70-aabc9451279a,https://www.youtube.com/watch?v=abcd1234
66,[],True,False,,2024-05-06T17:34:38.076Z,1,"Launch an initiative to enhance community engagement features on CodeCraft, including discussion forums, user profiles, and project showcases. The initiative aims to foster a vibrant and supportive community of developers.",,True,33,,,,,High,7,7,0,Enhance community engagement features.,Active,Enhance Community Engagement Features,2024-05-06T17:34:38.076Z,,e40e405b-6b77-44fd-8f70-aabc9451271b,https://www.youtube.com/watch?v=abcd1234
67,[],True,False,,2024-05-06T17:34:38.076Z,1,"Launch an initiative to implement code quality metrics on CodeCraft, including code coverage, code complexity, and code duplication analysis. The initiative aims to help developers assess and improve the quality of their code contributions.",,True,34,,,,,High,7,7,0,Implement code quality metrics.,Active,Implement Code Quality Metrics,2024-05-06T17:34:38.076Z,,e40e405b-6b77-44fd-8f70-aabc94512799,https://www.youtube.com/watch?v=abcd1234
68,[],True,False,,2024-05-06T17:34:38.076Z,1,"Launch an initiative to optimize the performance and scalability of CodeCraft, including improvements in server response times, database query optimizations, and load testing. The initiative aims to ensure a smooth and responsive experience for users.",,True,34,,,,,High,7,8,0,Optimize performance and scalability.,Active,Optimize Performance and Scalability,2024-05-06T17:34:38.076Z,,e40e405b-6b77-44fd-8f70-aabc9451273c,https://www.youtube.com/watch?v=abcd1234
69,[],True,False,,2024-05-06T17:34:38.076Z,1,"Launch an initiative to enhance security measures on CodeCraft, including data encryption, authentication mechanisms, and vulnerability assessments. The initiative aims to protect user data and ensure a secure coding environment.",,True,35,,,,,High,7,8,0,Enhance security measures.,Active,Enhance Security Measures,2024-05-06T17:34:38.076Z,,e40e405b-6b77-44fd-8f70-aabc9451273d,https://www.youtube.com/watch?v=abcd1234
70,[],True,False,,2024-05-06T17:34:38.076Z,1,"Launch an initiative to enhance the user experience design of CodeCraft, including improvements in navigation, layout, and accessibility. The initiative aims to provide a more intuitive and enjoyable coding environment for users.",,True,35,,,,,High,7,8,0,Enhance user experience design.,Active,Enhance User Experience Design,2024-05-06T17:34:38.076Z,,e40e405b-6b77-44fd-8f70-aabc9451274d,https://www.youtube.com/watch?v=abcd1234
71,[],True,False,,2024-05-06T17:34:38.076Z,1,"Integrate a pet service finder feature into PetConnect, allowing users to easily locate nearby veterinary clinics, grooming salons, and pet sitters within their local area.",,True,36,,,,,High,8,8,0,Integrate pet service finder feature.,Active,Pet Service Finder Integration,2024-05-06T17:34:38.076Z,,e40e405b-6b77-44fd-8f70-aabc9451275d,https://www.youtube.com/watch?v=abcd1234
72,[],True,False,,2024-05-06T17:34:38.076Z,1,"Implement a rating system for pet sitters on PetConnect, allowing users to rate and review their experiences with different pet sitting services.",,True,36,,,,,High,8,9,0,Implement pet sitter rating system.,Active,Pet Sitter Rating System,2024-05-06T17:34:38.076Z,,e40e405b-6b77-44fd-8f70-aabc9451276d,https://www.youtube.com/watch?v=abcd1234
73,[],True,False,,2024-05-06T17:34:38.076Z,1,"Develop a pet emergency alert system for PetConnect, allowing users to quickly notify nearby veterinary clinics and pet emergency services in case of a pet emergency.",,True,37,,,,,High,8,9,0,Develop pet emergency alert system.,Active,Pet Emergency Alert System,2024-05-06T17:34:38.076Z,,e40e405b-6b77-44fd-8f70-aabc9451277d,https://www.youtube.com/watch?v=abcd1234
74,[],True,False,,2024-05-06T17:34:38.076Z,1,"Introduce a pet grooming scheduler feature into PetConnect, enabling users to schedule grooming appointments for their pets with nearby grooming salons.",,True,37,,,,,High,8,9,0,Introduce pet grooming scheduler feature.,Active,Pet Grooming Scheduler,2024-05-06T17:34:38.076Z,,e40e405b-6b77-44fd-8f70-aabc9241272e,https://www.youtube.com/watch?v=abcd1234
75,[],True,False,,2024-05-06T17:34:38.076Z,1,"Implement a pet health tracker feature in PetConnect, allowing users to keep track of their pet's health records, vaccinations, and medical history.",,True,38,,,,,High,8,9,0,Implement pet health tracker feature.,Active,Pet Health Tracker,2024-05-06T17:34:38.076Z,,e40e405b-6b77-44fd-8f70-aabc9261272e,https://www.youtube.com/watch?v=abcd1234
76,[],True,False,,2024-05-06T17:34:38.076Z,1,"Integrate pet insurance options into PetConnect, allowing users to explore and purchase pet insurance plans for their pets directly through the app.",,True,38,,,,,High,8,10,0,Integrate pet insurance options.,Active,Pet Insurance Integration,2024-05-06T17:34:38.076Z,,e40e405b-6b77-44fd-8f70-aabc9271272e,https://www.youtube.com/watch?v=abcd1234
77,[],True,False,,2024-05-06T17:34:38.076Z,1,"Develop a pet adoption portal within PetConnect, allowing users to browse and adopt pets from local animal shelters and rescue organizations.",,True,39,,,,,High,8,10,0,Develop pet adoption portal.,Active,Pet Adoption Portal,2024-05-06T17:34:38.076Z,,e40e435b-6b77-44fd-8f70-aabc9451272e,https://www.youtube.com/watch?v=abcd1234
78,[],True,False,,2024-05-06T17:34:38.076Z,1,"Integrate a pet social network feature into PetConnect, allowing users to connect and interact with other pet owners, share photos, and exchange pet-related tips and advice.",,True,39,,,,,High,8,10,0,Integrate pet social network feature.,Active,Pet Social Network Integration,2024-05-06T17:34:38.076Z,,e40e455b-6b77-44fd-8f70-aabc9451272e,https://www.youtube.com/watch?v=abcd1234
79,[],True,False,,2024-05-06T17:34:38.076Z,1,"Develop a pet activity tracker feature for PetConnect, allowing users to monitor their pet's daily activity levels, exercise routines, and overall health.",,True,40,,,,,High,8,10,0,Develop pet activity tracker feature.,Active,Pet Activity Tracker,2024-05-06T17:34:38.076Z,,e40e475b-6b77-44fd-8f70-aabc9451272e,https://www.youtube.com/watch?v=abcd1234
80,[],True,False,,2024-05-06T17:34:38.076Z,1,"Establish a pet microchip registry within PetConnect, allowing users to register their pet's microchip information and access a centralized database for lost and found pet notifications.",,True,40,,,,,High,8,11,0,Establish pet microchip registry.,Active,Pet Microchip Registry,2024-05-06T17:34:38.076Z,,e40e405b-6b77-44fd-8f70-abbc9451272e,https://www.youtube.com/watch?v=abcd1234
81,[],True,False,,2024-05-06T17:34:38.076Z,1,"Implement AI-driven intrusion detection algorithms to analyze video feeds and sensor data, providing real-time alerts for potential security breaches in the monitored area.",,True,41,,,,,High,9,11,0,Implement AI-driven intrusion detection algorithms.,Active,AI-driven Intrusion Detection,2024-05-06T17:34:38.076Z,,e40e405b-6b77-44fd-8f70-acbc9451272e,https://www.youtube.com/watch?v=abcd1234
82,[],True,False,,2024-05-06T17:34:38.076Z,1,Integrate facial recognition technology into SecureHome to allow authorized individuals seamless access to the premises while alerting for unrecognized faces.,,True,41,,,,,High,9,11,0,Integrate facial recognition technology for access control.,Active,Facial Recognition Access Control,2024-05-06T17:34:38.076Z,,e40e405b-6b77-44fd-8f70-adbc9451272e,https://www.youtube.com/watch?v=abcd1234
83,[],True,False,,2024-05-06T17:34:38.076Z,1,"Develop smart lighting systems that are triggered by motion sensors, enhancing security by illuminating dark areas and deterring potential intruders.",,True,42,,,,,High,9,11,0,Develop motion-activated lighting systems.,Active,Smart Motion-Activated Lighting,2024-05-06T17:34:38.076Z,,e40e405b-6b77-44fd-8f70-a1bc9451272e,https://www.youtube.com/watch?v=abcd1234
84,[],True,False,,2024-05-06T17:34:38.076Z,1,"Utilize AI algorithms to detect signs of fire or smoke within the monitored area, providing early warnings and reducing the risk of property damage and harm.",,True,42,,,,,High,9,12,0,Implement AI-powered fire detection algorithms.,Active,AI-Powered Fire Detection,2024-05-06T17:34:38.076Z,,e40e405b-6b77-44fd-8f70-a2bc9451272e,https://www.youtube.com/watch?v=abcd1234
85,[],True,False,,2024-05-06T17:34:38.076Z,1,"Develop a tamper-proof sensor network for SecureHome, ensuring that any attempt to disable or tamper with the sensors triggers an immediate alert to the homeowner or security personnel.",,True,43,,,,,High,9,12,0,Develop tamper-proof sensor network.,Active,Tamper-Proof Sensor Network,2024-05-06T17:34:38.076Z,,e40e405b-6b77-44fd-8f70-a3bc9451272e,https://www.youtube.com/watch?v=abcd1234
86,[],True,False,,2024-05-06T17:34:38.076Z,1,"Implement enhanced privacy controls for SecureHome users, allowing them to customize camera and sensor settings to ensure privacy while maintaining security.",,True,43,,,,,High,9,12,0,Implement enhanced privacy controls for users.,Active,Enhanced Privacy Controls,2024-05-06T17:34:38.076Z,,e40e405b-6b77-44fd-8f70-a4bc9451272e,https://www.youtube.com/watch?v=abcd1234
87,[],True,False,,2024-05-06T17:34:38.076Z,1,"Develop a mobile application for SecureHome that allows users to remotely monitor their home security system, receive alerts, and control connected devices from anywhere.",,True,44,,,,,High,9,12,0,Develop mobile app for remote monitoring.,Active,Mobile App Remote Monitoring,2024-05-06T17:34:38.076Z,,e40e405b-6b77-44fd-8f70-a5bc9451272e,https://www.youtube.com/watch?v=abcd1234
88,[],True,False,,2024-05-06T17:34:38.076Z,1,"Integrate SecureHome with emergency response systems to enable automatic alerts to authorities in case of security breaches or emergencies, ensuring rapid assistance.",,True,44,,,,,High,9,1,0,Integrate with emergency response systems.,Active,Emergency Response Integration,2024-05-06T17:34:38.076Z,,e40e405b-6b77-44fd-8f70-a6bc9451272e,https://www.youtube.com/watch?v=abcd1234
89,[],True,False,,2024-05-06T17:34:38.076Z,1,"Design a battery backup system for SecureHome to ensure continuous operation during power outages, maintaining security and surveillance capabilities.",,True,45,,,,,High,9,1,0,Design battery backup system for continuous operation.,Active,Battery Backup System,2024-05-06T17:34:38.076Z,,e40e405b-6b77-44fd-8f70-a7bc9451272e,https://www.youtube.com/watch?v=abcd1234
90,[],True,False,,2024-05-06T17:34:38.076Z,1,"Develop an API for SecureHome to enable integration with third-party smart home devices and platforms, expanding compatibility and functionality.",,True,45,,,,,High,9,1,0,Develop API for integration with third-party devices.,Active,SecureHome API Integration,2024-05-06T17:34:38.076Z,,e40e405b-6b77-44fd-8f70-a8bc9451272e,https://www.youtube.com/watch?v=abcd1234
91,[],True,False,,2024-05-06T17:34:38.076Z,1,Organize a gear auction event on GigGear where musicians can bid for new and used equipment. The event aims to provide an exciting opportunity for musicians to acquire quality gear at competitive prices.,,True,46,,,,,High,10,1,0,Organize a gear auction event on GigGear.,Active,Gear Auction Event,2024-05-06T17:34:38.076Z,,e40e405b-6b77-44fd-8f70-a9bc9451272e,https://www.youtube.com/watch?v=abcd1234
92,[],True,False,,2024-05-06T17:34:38.076Z,1,"Launch a live gear showcase feature on GigGear, allowing sellers to demonstrate their equipment in real-time through live streaming. The feature aims to provide buyers with an immersive shopping experience.",,True,46,,,,,High,10,2,0,Launch a live gear showcase feature on GigGear.,Active,Live Gear Showcase,2024-05-06T17:34:38.076Z,,e40e405b-6b77-44fd-8f70-aabc9452272e,https://www.youtube.com/watch?v=abcd1234
93,[],True,False,,2024-05-06T17:34:38.076Z,1,"Introduce a rent-to-own program on GigGear, allowing musicians to rent equipment with the option to purchase it later. The program aims to make high-quality gear more accessible to musicians.",,True,47,,,,,High,10,2,0,Introduce a rent-to-own program on GigGear.,Active,Rent-to-Own Program,2024-05-06T17:34:38.076Z,,e40e405b-6b77-44fd-8f70-aabc9453272e,https://www.youtube.com/watch?v=abcd1234
94,[],True,False,,2024-05-06T17:34:38.076Z,1,"Integrate a gear repair services section on GigGear, offering maintenance and repair services for musical equipment. The service aims to extend the lifespan of gear and provide convenient solutions for musicians.",,True,47,,,,,High,10,2,0,Integrate gear repair services on GigGear.,Active,Gear Repair Services,2024-05-06T17:34:38.076Z,,e40e405b-6b77-44fd-8f70-aabc9455272e,https://www.youtube.com/watch?v=abcd1234
95,[],True,False,,2024-05-06T17:34:38.076Z,1,"Organize virtual jam sessions on GigGear, allowing musicians to connect and play music together in real-time through live streaming. The sessions aim to foster collaboration and creativity among musicians.",,True,48,,,,,High,10,2,0,Organize virtual jam sessions on GigGear.,Active,Virtual Jam Sessions,2024-05-06T17:34:38.076Z,,e40e405b-6b77-44fd-8f70-aabc9456272e,https://www.youtube.com/watch?v=abcd1234
96,[],True,False,,2024-05-06T17:34:38.076Z,1,"Implement a feature for custom gear requests on GigGear, allowing musicians to request personalized equipment tailored to their specific needs. The feature aims to provide customized solutions for musicians.",,True,48,,,,,High,10,3,0,Implement custom gear requests feature on GigGear.,Active,Custom Gear Requests,2024-05-06T17:34:38.076Z,,e40e405b-6b77-44fd-8f70-aabc9458272e,https://www.youtube.com/watch?v=abcd1234
97,[],True,False,,2024-05-06T17:34:38.076Z,1,"Create gear maintenance tutorial videos on GigGear, providing musicians with step-by-step guides for cleaning, repairing, and maintaining their equipment. The tutorials aim to empower musicians with essential skills.",,True,49,,,,,High,10,3,0,Create gear maintenance tutorial videos on GigGear.,Active,Gear Maintenance Tutorials,2024-05-06T17:34:38.076Z,,e40e405b-6b77-44fd-8f70-aabc8351272e,https://www.youtube.com/watch?v=abcd1234
98,[],True,False,,2024-05-06T17:34:38.076Z,1,"Introduce a gear rental review system on GigGear, allowing users to rate and review their rental experiences. The system aims to provide valuable feedback for both renters and sellers.",,True,49,,,,,High,10,3,0,Introduce gear rental review system on GigGear.,Active,Gear Rental Reviews,2024-05-06T17:34:38.076Z,,e40e405b-6b77-44fd-8f70-aabc8451272e,https://www.youtube.com/watch?v=abcd1234
99,[],True,False,,2024-05-06T17:34:38.076Z,1,"Launch a live streaming tutorial series on GigGear, providing musicians with insights and tips for optimizing their live performances. The series aims to help musicians enhance their online presence.",,True,50,,,,,High,10,3,0,Launch live streaming tutorial series on GigGear.,Active,Live Streaming Tutorial Series,2024-05-06T17:34:38.076Z,,e40e405b-6b77-44fd-8f70-aabc3451272e,https://www.youtube.com/watch?v=abcd1234
100,[],True,False,,2024-05-06T17:34:38.076Z,1,"Introduce gear financing options on GigGear, allowing musicians to purchase equipment through installment plans. The options aim to make high-quality gear more affordable and accessible.",,True,50,,,,,High,10,3,0,Introduce gear financing options on GigGear.,Active,Gear Financing Options,2024-05-06T17:34:38.076Z,,e40e405b-6b77-44fd-8f70-aabc4251272e,https://www.youtube.com/watch?v=abcd1234
1,,,,,2024-05-06T17:34:38.076Z,,A competition for digital artists to showcase their best works created using CloudCanvas.,2024-07-31T23:59:59Z,,,2024-08-15T23:59:59Z,500,,,,1,1,,Digital art competition using CloudCanvas,Active,CloudCanvas Art Competition,2024-05-06T17:34:38.076Z,,,
1,,,,,2024-05-06T17:34:45.952Z,,Implement AI-assisted art generation features in CloudCanvas to help artists overcome creative blocks and explore new artistic styles.,,,,,,,1,,1,,,,,CloudCanvas: Integrate AI-Assisted Art Generation,2024-05-06T17:34:45.952Z,,,
1,,,,,2024-05-06T17:34:46.515Z,,"Users report inconsistent behavior when blending layers with certain brush types, leading to unexpected visual artifacts in the final artwork.",,,,,,,1,,1,,,,,CloudCanvas: Layer Blending Issue,2024-05-06T17:34:46.516Z,,,
